{
  "conditions": [
    {
      "type": "forge:mod_loaded",
      "modid": "farmersdelight"
    }
  ],
  "type": "farmersdelight:cooking",
  "container": {
    "item": "minecraft:bowl"
  },
  "cookingtime": 200,
  "experience": 1.0,
  "ingredients": [
    {
      "item": "alexsmobs:triops_eggs"
    },
    {
      "item": "alexsmobs:triops_eggs"
    },
    {
      "item": "alexsmobs:stink_bottle"
    }
  ],
  "recipe_book_tab": "meals",
  "result": {
    "item": "alexsmobs:mosquito_repellent_stew"
  }
}